sample,datetime,wtemp_a_1,wtrhgt__2,wtrhgt__3,formatted_datetime
1,5/12/2021 12:00,13,-55,-55,5/12/2021 12:00
2,5/12/2021 12:10,13.7,-55,-55,5/12/2021 12:10
3,5/12/2021 12:20,15,-55,-55,5/12/2021 12:20
4,5/12/2021 12:30,16.1,-55,-55,5/12/2021 12:30
5,5/12/2021 12:40,17.2,-55,-55,5/12/2021 12:40
6,5/12/2021 12:50,18.2,-55,-55,5/12/2021 12:50
7,5/12/2021 13:00,19.1,-56,-55,5/12/2021 13:00
8,5/12/2021 13:10,20.2,-56,-56,5/12/2021 13:10
9,5/12/2021 13:20,20.9,-56,-56,5/12/2021 13:20
10,5/12/2021 13:30,21.5,-56,-56,5/12/2021 13:30
11,5/12/2021 13:40,21.6,-56,-56,5/12/2021 13:40
12,5/12/2021 13:50,21.5,-56,-56,5/12/2021 13:50
13,5/12/2021 14:00,21.3,-56,-56,5/12/2021 14:00
14,5/12/2021 14:10,21.4,-56,-56,5/12/2021 14:10
15,5/12/2021 14:20,21.9,-56,-56,5/12/2021 14:20
16,5/12/2021 14:30,22.1,-56,-56,5/12/2021 14:30
17,5/12/2021 14:40,22.2,-56,-56,5/12/2021 14:40
18,5/12/2021 14:50,22.6,-56,-56,5/12/2021 14:50
19,5/12/2021 15:00,23.2,-56,-56,5/12/2021 15:00
20,5/12/2021 15:10,23.9,-56,-56,5/12/2021 15:10
21,5/12/2021 15:20,24.9,-56,-56,5/12/2021 15:20
22,5/12/2021 15:30,25.7,-56,-56,5/12/2021 15:30
23,5/12/2021 15:40,26.3,-56,-56,5/12/2021 15:40
24,5/12/2021 15:50,26.6,-56,-56,5/12/2021 15:50
25,5/12/2021 16:00,26.3,-56,-56,5/12/2021 16:00
26,5/12/2021 16:10,26,-56,-56,5/12/2021 16:10
27,5/12/2021 16:20,25.3,-55,-56,5/12/2021 16:20
28,5/12/2021 16:30,21.6,-58,-57,5/12/2021 16:30
29,5/12/2021 16:40,19.3,-59,-59,5/12/2021 16:40
30,5/12/2021 16:50,17.7,-58,-58,5/12/2021 16:50
31,5/12/2021 17:00,16.4,-58,-58,5/12/2021 17:00
32,5/12/2021 17:10,14.2,-52,-57,5/12/2021 17:10
33,5/12/2021 17:20,12.5,-54,-54,5/12/2021 17:20
34,5/12/2021 17:30,11.4,-54,-54,5/12/2021 17:30
35,5/12/2021 17:40,11,-54,-54,5/12/2021 17:40
36,5/12/2021 17:50,10.8,-54,-54,5/12/2021 17:50
37,5/12/2021 18:00,10.6,-54,-54,5/12/2021 18:00
38,5/12/2021 18:10,10.5,-52,-53,5/12/2021 18:10
39,5/12/2021 18:20,10.3,-50,-51,5/12/2021 18:20
40,5/12/2021 18:30,10.2,-54,-52,5/12/2021 18:30
41,5/12/2021 18:40,10.3,-54,-54,5/12/2021 18:40
42,5/12/2021 18:50,10.9,-54,-54,5/12/2021 18:50
43,5/12/2021 19:00,11.5,-54,-53,5/12/2021 19:00
44,5/12/2021 19:10,11.8,-53,-53,5/12/2021 19:10
45,5/12/2021 19:20,12,-54,-53,5/12/2021 19:20
46,5/12/2021 19:30,12.1,-53,-53,5/12/2021 19:30
47,5/12/2021 19:40,12.2,-53,-53,5/12/2021 19:40
48,5/12/2021 19:50,12.1,-53,-53,5/12/2021 19:50
49,5/12/2021 20:00,11.9,-53,-53,5/12/2021 20:00
50,5/12/2021 20:10,11.5,-53,-53,5/12/2021 20:10
51,5/12/2021 20:20,11,-53,-53,5/12/2021 20:20
52,5/12/2021 20:30,10.4,-53,-53,5/12/2021 20:30
53,5/12/2021 20:40,9.7,-53,-53,5/12/2021 20:40
54,5/12/2021 20:50,9,-53,-53,5/12/2021 20:50
55,5/12/2021 21:00,8.3,-53,-53,5/12/2021 21:00
56,5/12/2021 21:10,7.7,-53,-53,5/12/2021 21:10
57,5/12/2021 21:20,7,-53,-53,5/12/2021 21:20
58,5/12/2021 21:30,6.4,-53,-53,5/12/2021 21:30
59,5/12/2021 21:40,5.8,-53,-53,5/12/2021 21:40
60,5/12/2021 21:50,5.2,-53,-53,5/12/2021 21:50
61,5/12/2021 22:00,4.7,-52,-53,5/12/2021 22:00
62,5/12/2021 22:10,4.3,-52,-52,5/12/2021 22:10
63,5/12/2021 22:20,3.9,-52,-52,5/12/2021 22:20
64,5/12/2021 22:30,3.4,-52,-52,5/12/2021 22:30
65,5/12/2021 22:40,3.1,-52,-52,5/12/2021 22:40
66,5/12/2021 22:50,2.7,-52,-52,5/12/2021 22:50
67,5/12/2021 23:00,2.3,-52,-52,5/12/2021 23:00
68,5/12/2021 23:10,2,-52,-52,5/12/2021 23:10
69,5/12/2021 23:20,1.7,-52,-52,5/12/2021 23:20
70,5/12/2021 23:30,1.3,-52,-52,5/12/2021 23:30
71,5/12/2021 23:40,1.1,-52,-52,5/12/2021 23:40
72,5/12/2021 23:50,0.8,-52,-52,5/12/2021 23:50
73,5/13/2021 0:00,0.5,-52,-52,5/13/2021 0:00
74,5/13/2021 0:10,0.2,-52,-52,5/13/2021 0:10
75,5/13/2021 0:20,0,-52,-52,5/13/2021 0:20
76,5/13/2021 0:30,-0.3,-52,-52,5/13/2021 0:30
77,5/13/2021 0:40,-0.5,-52,-52,5/13/2021 0:40
78,5/13/2021 0:50,-0.8,-52,-52,5/13/2021 0:50
79,5/13/2021 1:00,-1,-52,-52,5/13/2021 1:00
80,5/13/2021 1:10,-1.2,-52,-52,5/13/2021 1:10
81,5/13/2021 1:20,-1.4,-52,-52,5/13/2021 1:20
82,5/13/2021 1:30,-1.6,-52,-52,5/13/2021 1:30
83,5/13/2021 1:40,-1.7,-52,-52,5/13/2021 1:40
84,5/13/2021 1:50,-1.9,-51,-51,5/13/2021 1:50
85,5/13/2021 2:00,-2,-52,-52,5/13/2021 2:00
86,5/13/2021 2:10,-2.2,-52,-51,5/13/2021 2:10
87,5/13/2021 2:20,-2.3,-51,-52,5/13/2021 2:20
88,5/13/2021 2:30,-2.5,-51,-51,5/13/2021 2:30
89,5/13/2021 2:40,-2.6,-51,-51,5/13/2021 2:40
90,5/13/2021 2:50,-2.8,-51,-51,5/13/2021 2:50
91,5/13/2021 3:00,-3,-51,-51,5/13/2021 3:00
92,5/13/2021 3:10,-3.1,-51,-51,5/13/2021 3:10
93,5/13/2021 3:20,-3.3,-51,-51,5/13/2021 3:20
94,5/13/2021 3:30,-3.4,-51,-51,5/13/2021 3:30
95,5/13/2021 3:40,-3.5,-51,-51,5/13/2021 3:40
96,5/13/2021 3:50,-3.6,-51,-51,5/13/2021 3:50
97,5/13/2021 4:00,-3.7,-51,-51,5/13/2021 4:00
98,5/13/2021 4:10,-3.8,-51,-51,5/13/2021 4:10
99,5/13/2021 4:20,-3.9,-51,-51,5/13/2021 4:20
100,5/13/2021 4:30,-4.1,-51,-51,5/13/2021 4:30
101,5/13/2021 4:40,-4.2,-51,-51,5/13/2021 4:40
102,5/13/2021 4:50,-4.3,-51,-51,5/13/2021 4:50
103,5/13/2021 5:00,-4.4,-51,-51,5/13/2021 5:00
104,5/13/2021 5:10,-4.5,-51,-51,5/13/2021 5:10
105,5/13/2021 5:20,-4.6,-51,-51,5/13/2021 5:20
106,5/13/2021 5:30,-4.8,-51,-51,5/13/2021 5:30
107,5/13/2021 5:40,-4.8,-51,-51,5/13/2021 5:40
108,5/13/2021 5:50,-4.9,-51,-51,5/13/2021 5:50
109,5/13/2021 6:00,-5,-51,-51,5/13/2021 6:00
110,5/13/2021 6:10,-5.1,-51,-51,5/13/2021 6:10
111,5/13/2021 6:20,-5.1,-51,-51,5/13/2021 6:20
112,5/13/2021 6:30,-5.2,-51,-51,5/13/2021 6:30
113,5/13/2021 6:40,-5.2,-51,-51,5/13/2021 6:40
114,5/13/2021 6:50,-5.1,-51,-51,5/13/2021 6:50
115,5/13/2021 7:00,-5.1,-51,-51,5/13/2021 7:00
116,5/13/2021 7:10,-5,-51,-51,5/13/2021 7:10
117,5/13/2021 7:20,-4.9,-51,-51,5/13/2021 7:20
118,5/13/2021 7:30,-4.8,-51,-51,5/13/2021 7:30
119,5/13/2021 7:40,-4.6,-51,-51,5/13/2021 7:40
120,5/13/2021 7:50,-4.3,-51,-51,5/13/2021 7:50
121,5/13/2021 8:00,-3.5,-51,-51,5/13/2021 8:00
122,5/13/2021 8:10,-2.5,-51,-51,5/13/2021 8:10
123,5/13/2021 8:20,-1.5,-51,-51,5/13/2021 8:20
124,5/13/2021 8:30,1.1,-56,-56,5/13/2021 8:30
125,5/13/2021 8:40,8.7,-58,-56,5/13/2021 8:40
126,5/13/2021 8:50,8.8,-57,-57,5/13/2021 8:50
127,5/13/2021 9:00,8.4,-56,-55,5/13/2021 9:00
128,5/13/2021 9:10,9.8,-58,-57,5/13/2021 9:10
129,5/13/2021 9:20,10.3,-54,-56,5/13/2021 9:20
130,5/13/2021 9:30,12.5,-53,-55,5/13/2021 9:30
131,5/13/2021 9:40,11.8,-53,-56,5/13/2021 9:40
132,5/13/2021 9:50,10.8,-56,-56,5/13/2021 9:50
133,5/13/2021 10:00,9.5,-56,-55,5/13/2021 10:00
134,5/13/2021 10:10,4.8,-55,-56,5/13/2021 10:10
135,5/13/2021 10:20,3.2,-56,-56,5/13/2021 10:20
136,5/13/2021 10:30,2.6,-56,-56,5/13/2021 10:30
137,5/13/2021 10:40,2.4,-55,-55,5/13/2021 10:40
138,5/13/2021 10:50,2.3,-53,-54,5/13/2021 10:50
139,5/13/2021 11:00,2.4,-53,-53,5/13/2021 11:00
140,5/13/2021 11:10,2.7,-53,-53,5/13/2021 11:10
141,5/13/2021 11:20,4.9,-52,-53,5/13/2021 11:20
142,5/13/2021 11:30,5.5,-51,-52,5/13/2021 11:30
143,5/13/2021 11:40,5.9,-51,-51,5/13/2021 11:40
144,5/13/2021 11:50,6,-52,-51,5/13/2021 11:50
145,5/13/2021 12:00,5.4,-51,-52,5/13/2021 12:00
146,5/13/2021 12:10,4.7,-56,-55,5/13/2021 12:10
147,5/13/2021 12:20,2.8,34,18,5/13/2021 12:20
148,5/13/2021 12:30,2.4,38,33,5/13/2021 12:30
149,5/13/2021 12:40,2.3,40,38,5/13/2021 12:40
150,5/13/2021 12:50,2.3,39,40,5/13/2021 12:50
151,5/13/2021 13:00,2.3,41,40,5/13/2021 13:00
152,5/13/2021 13:10,2.3,39,41,5/13/2021 13:10
153,5/13/2021 13:20,2.2,41,41,5/13/2021 13:20
154,5/13/2021 13:30,2.2,40,41,5/13/2021 13:30
155,5/13/2021 13:40,2.2,43,42,5/13/2021 13:40
156,5/13/2021 13:50,2.2,43,41,5/13/2021 13:50
157,5/13/2021 14:00,2.1,42,41,5/13/2021 14:00
158,5/13/2021 14:10,2.1,41,41,5/13/2021 14:10
159,5/13/2021 14:20,2.1,42,41,5/13/2021 14:20
160,5/13/2021 14:30,2,40,41,5/13/2021 14:30
161,5/13/2021 14:40,2,40,42,5/13/2021 14:40
162,5/13/2021 14:50,2,41,41,5/13/2021 14:50
163,5/13/2021 15:00,2,41,42,5/13/2021 15:00
164,5/13/2021 15:10,2,42,41,5/13/2021 15:10
165,5/13/2021 15:20,1.9,42,42,5/13/2021 15:20
166,5/13/2021 15:30,2,42,42,5/13/2021 15:30
167,5/13/2021 15:40,2,42,42,5/13/2021 15:40
168,5/13/2021 15:50,2,42,42,5/13/2021 15:50
169,5/13/2021 16:00,2,42,43,5/13/2021 16:00
170,5/13/2021 16:10,2,43,42,5/13/2021 16:10
171,5/13/2021 16:20,2,42,42,5/13/2021 16:20
172,5/13/2021 16:30,2,42,42,5/13/2021 16:30
173,5/13/2021 16:40,2,44,43,5/13/2021 16:40
174,5/13/2021 16:50,2,44,43,5/13/2021 16:50
175,5/13/2021 17:00,1.9,44,42,5/13/2021 17:00
176,5/13/2021 17:10,1.9,43,43,5/13/2021 17:10
177,5/13/2021 17:20,1.9,43,43,5/13/2021 17:20
178,5/13/2021 17:30,1.9,44,43,5/13/2021 17:30
179,5/13/2021 17:40,1.9,44,42,5/13/2021 17:40
180,5/13/2021 17:50,1.9,43,43,5/13/2021 17:50
181,5/13/2021 18:00,1.9,44,43,5/13/2021 18:00
182,5/13/2021 18:10,1.9,42,43,5/13/2021 18:10
183,5/13/2021 18:20,1.9,44,43,5/13/2021 18:20
184,5/13/2021 18:30,1.9,43,43,5/13/2021 18:30
185,5/13/2021 18:40,1.9,43,43,5/13/2021 18:40
186,5/13/2021 18:50,1.9,44,43,5/13/2021 18:50
187,5/13/2021 19:00,1.9,44,43,5/13/2021 19:00
188,5/13/2021 19:10,1.9,44,43,5/13/2021 19:10
189,5/13/2021 19:20,1.9,42,43,5/13/2021 19:20
190,5/13/2021 19:30,1.9,43,43,5/13/2021 19:30
191,5/13/2021 19:40,1.9,44,43,5/13/2021 19:40
192,5/13/2021 19:50,1.9,44,43,5/13/2021 19:50
193,5/13/2021 20:00,1.9,43,43,5/13/2021 20:00
194,5/13/2021 20:10,1.9,43,43,5/13/2021 20:10
195,5/13/2021 20:20,1.9,43,43,5/13/2021 20:20
196,5/13/2021 20:30,1.9,43,43,5/13/2021 20:30
197,5/13/2021 20:40,1.8,41,42,5/13/2021 20:40
198,5/13/2021 20:50,1.9,44,43,5/13/2021 20:50
199,5/13/2021 21:00,1.9,44,43,5/13/2021 21:00
200,5/13/2021 21:10,1.9,44,43,5/13/2021 21:10
201,5/13/2021 21:20,1.8,43,43,5/13/2021 21:20
202,5/13/2021 21:30,1.8,42,43,5/13/2021 21:30
203,5/13/2021 21:40,1.8,44,43,5/13/2021 21:40
204,5/13/2021 21:50,1.8,43,43,5/13/2021 21:50
205,5/13/2021 22:00,1.8,43,43,5/13/2021 22:00
206,5/13/2021 22:10,1.8,44,43,5/13/2021 22:10
207,5/13/2021 22:20,1.8,43,43,5/13/2021 22:20
208,5/13/2021 22:30,1.8,43,43,5/13/2021 22:30
209,5/13/2021 22:40,1.8,43,43,5/13/2021 22:40
210,5/13/2021 22:50,1.8,43,43,5/13/2021 22:50
211,5/13/2021 23:00,1.8,44,43,5/13/2021 23:00
212,5/13/2021 23:10,1.8,43,43,5/13/2021 23:10
213,5/13/2021 23:20,1.8,43,43,5/13/2021 23:20
214,5/13/2021 23:30,1.8,41,43,5/13/2021 23:30
215,5/13/2021 23:40,1.8,44,43,5/13/2021 23:40
216,5/13/2021 23:50,1.8,43,42,5/13/2021 23:50
217,5/14/2021 0:00,1.8,43,43,5/14/2021 0:00
218,5/14/2021 0:10,1.8,42,43,5/14/2021 0:10
219,5/14/2021 0:20,1.8,43,42,5/14/2021 0:20
220,5/14/2021 0:30,1.8,43,43,5/14/2021 0:30
221,5/14/2021 0:40,1.8,43,42,5/14/2021 0:40
222,5/14/2021 0:50,1.8,42,42,5/14/2021 0:50
223,5/14/2021 1:00,1.8,43,42,5/14/2021 1:00
224,5/14/2021 1:10,1.8,42,42,5/14/2021 1:10
225,5/14/2021 1:20,1.7,42,42,5/14/2021 1:20
226,5/14/2021 1:30,1.7,43,43,5/14/2021 1:30
227,5/14/2021 1:40,1.8,41,42,5/14/2021 1:40
228,5/14/2021 1:50,1.8,42,42,5/14/2021 1:50
229,5/14/2021 2:00,1.8,43,42,5/14/2021 2:00
230,5/14/2021 2:10,1.7,43,42,5/14/2021 2:10
231,5/14/2021 2:20,1.7,43,42,5/14/2021 2:20
232,5/14/2021 2:30,1.7,42,42,5/14/2021 2:30
233,5/14/2021 2:40,1.7,42,42,5/14/2021 2:40
234,5/14/2021 2:50,1.7,42,42,5/14/2021 2:50
235,5/14/2021 3:00,1.7,41,42,5/14/2021 3:00
236,5/14/2021 3:10,1.7,42,42,5/14/2021 3:10
237,5/14/2021 3:20,1.7,40,42,5/14/2021 3:20
238,5/14/2021 3:30,1.7,43,42,5/14/2021 3:30
239,5/14/2021 3:40,1.7,42,42,5/14/2021 3:40
240,5/14/2021 3:50,1.7,42,42,5/14/2021 3:50
241,5/14/2021 4:00,1.7,41,42,5/14/2021 4:00
242,5/14/2021 4:10,1.7,41,42,5/14/2021 4:10
243,5/14/2021 4:20,1.7,41,42,5/14/2021 4:20
244,5/14/2021 4:30,1.7,43,42,5/14/2021 4:30
245,5/14/2021 4:40,1.7,42,42,5/14/2021 4:40
246,5/14/2021 4:50,1.7,41,42,5/14/2021 4:50
247,5/14/2021 5:00,1.7,41,42,5/14/2021 5:00
248,5/14/2021 5:10,1.7,43,42,5/14/2021 5:10
249,5/14/2021 5:20,1.7,41,42,5/14/2021 5:20
250,5/14/2021 5:30,1.7,42,42,5/14/2021 5:30
251,5/14/2021 5:40,1.7,42,42,5/14/2021 5:40
252,5/14/2021 5:50,1.6,43,42,5/14/2021 5:50
253,5/14/2021 6:00,1.6,42,42,5/14/2021 6:00
254,5/14/2021 6:10,1.6,41,42,5/14/2021 6:10
255,5/14/2021 6:20,1.6,42,41,5/14/2021 6:20
256,5/14/2021 6:30,1.6,42,42,5/14/2021 6:30
257,5/14/2021 6:40,1.6,42,41,5/14/2021 6:40
258,5/14/2021 6:50,1.6,42,42,5/14/2021 6:50
259,5/14/2021 7:00,1.6,42,42,5/14/2021 7:00
260,5/14/2021 7:10,1.6,41,41,5/14/2021 7:10
261,5/14/2021 7:20,1.7,42,41,5/14/2021 7:20
262,5/14/2021 7:30,1.7,41,41,5/14/2021 7:30
263,5/14/2021 7:40,1.7,42,41,5/14/2021 7:40
264,5/14/2021 7:50,1.7,41,41,5/14/2021 7:50
265,5/14/2021 8:00,1.7,41,41,5/14/2021 8:00
266,5/14/2021 8:10,1.8,41,41,5/14/2021 8:10
267,5/14/2021 8:20,1.8,42,41,5/14/2021 8:20
268,5/14/2021 8:30,1.8,41,41,5/14/2021 8:30
269,5/14/2021 8:40,1.8,41,41,5/14/2021 8:40
270,5/14/2021 8:50,1.8,41,41,5/14/2021 8:50
271,5/14/2021 9:00,1.8,41,41,5/14/2021 9:00
272,5/14/2021 9:10,1.9,41,41,5/14/2021 9:10
273,5/14/2021 9:20,1.9,40,41,5/14/2021 9:20
274,5/14/2021 9:30,1.9,41,41,5/14/2021 9:30
275,5/14/2021 9:40,1.9,39,41,5/14/2021 9:40
276,5/14/2021 9:50,1.9,41,41,5/14/2021 9:50
277,5/14/2021 10:00,1.9,41,41,5/14/2021 10:00
278,5/14/2021 10:10,1.9,40,41,5/14/2021 10:10
279,5/14/2021 10:20,1.9,40,40,5/14/2021 10:20
280,5/14/2021 10:30,2,41,41,5/14/2021 10:30
281,5/14/2021 10:40,2,40,41,5/14/2021 10:40
282,5/14/2021 10:50,2.1,39,40,5/14/2021 10:50
283,5/14/2021 11:00,2.1,40,41,5/14/2021 11:00
284,5/14/2021 11:10,2.1,41,41,5/14/2021 11:10
285,5/14/2021 11:20,2.1,41,41,5/14/2021 11:20
286,5/14/2021 11:30,2.1,41,41,5/14/2021 11:30
287,5/14/2021 11:40,2.1,42,41,5/14/2021 11:40
288,5/14/2021 11:50,2.1,41,41,5/14/2021 11:50
289,5/14/2021 12:00,2.1,41,41,5/14/2021 12:00
290,5/14/2021 12:10,2.1,42,41,5/14/2021 12:10
291,5/14/2021 12:20,2.1,42,42,5/14/2021 12:20
292,5/14/2021 12:30,2.1,42,42,5/14/2021 12:30
293,5/14/2021 12:40,2.1,42,42,5/14/2021 12:40
294,5/14/2021 12:50,2.2,43,42,5/14/2021 12:50
295,5/14/2021 13:00,2.3,42,42,5/14/2021 13:00
296,5/14/2021 13:10,2.3,41,42,5/14/2021 13:10
297,5/14/2021 13:20,2.3,43,43,5/14/2021 13:20
298,5/14/2021 13:30,2.2,42,43,5/14/2021 13:30
299,5/14/2021 13:40,2.2,45,43,5/14/2021 13:40
300,5/14/2021 13:50,2.2,43,43,5/14/2021 13:50
301,5/14/2021 14:00,2.1,44,44,5/14/2021 14:00
302,5/14/2021 14:10,2.1,45,44,5/14/2021 14:10
303,5/14/2021 14:20,2,45,44,5/14/2021 14:20
304,5/14/2021 14:30,1.8,45,45,5/14/2021 14:30
305,5/14/2021 14:40,1.9,45,45,5/14/2021 14:40
306,5/14/2021 14:50,2,45,45,5/14/2021 14:50
307,5/14/2021 15:00,2,46,46,5/14/2021 15:00
308,5/14/2021 15:10,2.1,47,46,5/14/2021 15:10
309,5/14/2021 15:20,2.1,45,46,5/14/2021 15:20
310,5/14/2021 15:30,2.1,46,46,5/14/2021 15:30
311,5/14/2021 15:40,2,46,46,5/14/2021 15:40
312,5/14/2021 15:50,2,45,46,5/14/2021 15:50
313,5/14/2021 16:00,2,47,47,5/14/2021 16:00
314,5/14/2021 16:10,2,48,47,5/14/2021 16:10
315,5/14/2021 16:20,2,47,46,5/14/2021 16:20
316,5/14/2021 16:30,2,48,47,5/14/2021 16:30
317,5/14/2021 16:40,1.9,46,47,5/14/2021 16:40
318,5/14/2021 16:50,1.9,46,47,5/14/2021 16:50
319,5/14/2021 17:00,1.9,47,47,5/14/2021 17:00
320,5/14/2021 17:10,1.9,47,47,5/14/2021 17:10
321,5/14/2021 17:20,1.9,47,47,5/14/2021 17:20
322,5/14/2021 17:30,1.9,48,47,5/14/2021 17:30
323,5/14/2021 17:40,1.9,49,48,5/14/2021 17:40
324,5/14/2021 17:50,1.9,48,48,5/14/2021 17:50
325,5/14/2021 18:00,1.9,48,47,5/14/2021 18:00
326,5/14/2021 18:10,1.9,48,47,5/14/2021 18:10
327,5/14/2021 18:20,1.9,48,48,5/14/2021 18:20
328,5/14/2021 18:30,1.9,48,47,5/14/2021 18:30
329,5/14/2021 18:40,1.9,48,48,5/14/2021 18:40
330,5/14/2021 18:50,1.9,48,48,5/14/2021 18:50
331,5/14/2021 19:00,1.9,49,47,5/14/2021 19:00
332,5/14/2021 19:10,1.9,48,47,5/14/2021 19:10
333,5/14/2021 19:20,1.9,47,47,5/14/2021 19:20
334,5/14/2021 19:30,1.9,49,48,5/14/2021 19:30
335,5/14/2021 19:40,1.9,48,47,5/14/2021 19:40
336,5/14/2021 19:50,1.9,48,48,5/14/2021 19:50
337,5/14/2021 20:00,1.9,48,48,5/14/2021 20:00
338,5/14/2021 20:10,1.8,47,47,5/14/2021 20:10
339,5/14/2021 20:20,1.8,48,47,5/14/2021 20:20
340,5/14/2021 20:30,1.8,46,47,5/14/2021 20:30
341,5/14/2021 20:40,1.8,48,48,5/14/2021 20:40
342,5/14/2021 20:50,1.8,47,48,5/14/2021 20:50
343,5/14/2021 21:00,1.8,46,47,5/14/2021 21:00
344,5/14/2021 21:10,1.8,47,48,5/14/2021 21:10
345,5/14/2021 21:20,1.8,48,47,5/14/2021 21:20
346,5/14/2021 21:30,1.8,47,47,5/14/2021 21:30
347,5/14/2021 21:40,1.8,48,48,5/14/2021 21:40
348,5/14/2021 21:50,1.8,47,47,5/14/2021 21:50
349,5/14/2021 22:00,1.8,47,47,5/14/2021 22:00
350,5/14/2021 22:10,1.8,48,47,5/14/2021 22:10
351,5/14/2021 22:20,1.8,46,47,5/14/2021 22:20
352,5/14/2021 22:30,1.8,48,48,5/14/2021 22:30
353,5/14/2021 22:40,1.8,47,47,5/14/2021 22:40
354,5/14/2021 22:50,1.8,48,47,5/14/2021 22:50
355,5/14/2021 23:00,1.8,47,47,5/14/2021 23:00
356,5/14/2021 23:10,1.8,49,48,5/14/2021 23:10
357,5/14/2021 23:20,1.8,45,47,5/14/2021 23:20
358,5/14/2021 23:30,1.8,47,47,5/14/2021 23:30
359,5/14/2021 23:40,1.8,48,47,5/14/2021 23:40
360,5/14/2021 23:50,1.8,47,47,5/14/2021 23:50
361,5/15/2021 0:00,1.8,47,47,5/15/2021 0:00
362,5/15/2021 0:10,1.7,46,47,5/15/2021 0:10
363,5/15/2021 0:20,1.7,48,47,5/15/2021 0:20
364,5/15/2021 0:30,1.7,48,47,5/15/2021 0:30
365,5/15/2021 0:40,1.7,45,47,5/15/2021 0:40
366,5/15/2021 0:50,1.7,46,46,5/15/2021 0:50
367,5/15/2021 1:00,1.7,47,47,5/15/2021 1:00
368,5/15/2021 1:10,1.7,47,47,5/15/2021 1:10
369,5/15/2021 1:20,1.7,48,47,5/15/2021 1:20
370,5/15/2021 1:30,1.7,47,47,5/15/2021 1:30
371,5/15/2021 1:40,1.7,46,46,5/15/2021 1:40
372,5/15/2021 1:50,1.7,45,47,5/15/2021 1:50
373,5/15/2021 2:00,1.7,47,47,5/15/2021 2:00
374,5/15/2021 2:10,1.7,47,47,5/15/2021 2:10
375,5/15/2021 2:20,1.7,47,47,5/15/2021 2:20
376,5/15/2021 2:30,1.7,47,47,5/15/2021 2:30
377,5/15/2021 2:40,1.7,48,47,5/15/2021 2:40
378,5/15/2021 2:50,1.7,47,47,5/15/2021 2:50
379,5/15/2021 3:00,1.7,47,46,5/15/2021 3:00
380,5/15/2021 3:10,1.7,46,47,5/15/2021 3:10
381,5/15/2021 3:20,1.7,46,47,5/15/2021 3:20
382,5/15/2021 3:30,1.7,47,47,5/15/2021 3:30
383,5/15/2021 3:40,1.7,47,46,5/15/2021 3:40
384,5/15/2021 3:50,1.7,47,46,5/15/2021 3:50
385,5/15/2021 4:00,1.6,46,46,5/15/2021 4:00
386,5/15/2021 4:10,1.6,48,46,5/15/2021 4:10
387,5/15/2021 4:20,1.6,46,47,5/15/2021 4:20
388,5/15/2021 4:30,1.6,47,46,5/15/2021 4:30
389,5/15/2021 4:40,1.6,47,47,5/15/2021 4:40
390,5/15/2021 4:50,1.6,46,47,5/15/2021 4:50
391,5/15/2021 5:00,1.6,47,47,5/15/2021 5:00
392,5/15/2021 5:10,1.6,48,47,5/15/2021 5:10
393,5/15/2021 5:20,1.6,46,47,5/15/2021 5:20
394,5/15/2021 5:30,1.6,47,46,5/15/2021 5:30
395,5/15/2021 5:40,1.6,47,46,5/15/2021 5:40
396,5/15/2021 5:50,1.6,47,46,5/15/2021 5:50
397,5/15/2021 6:00,1.6,47,46,5/15/2021 6:00
398,5/15/2021 6:10,1.6,46,47,5/15/2021 6:10
399,5/15/2021 6:20,1.6,45,46,5/15/2021 6:20
400,5/15/2021 6:30,1.6,47,46,5/15/2021 6:30
401,5/15/2021 6:40,1.6,47,46,5/15/2021 6:40
402,5/15/2021 6:50,1.6,47,47,5/15/2021 6:50
403,5/15/2021 7:00,1.6,47,46,5/15/2021 7:00
404,5/15/2021 7:10,1.6,46,46,5/15/2021 7:10
405,5/15/2021 7:20,1.6,47,46,5/15/2021 7:20
406,5/15/2021 7:30,1.6,45,46,5/15/2021 7:30
407,5/15/2021 7:40,1.7,47,46,5/15/2021 7:40
408,5/15/2021 7:50,1.7,46,46,5/15/2021 7:50
409,5/15/2021 8:00,1.7,46,46,5/15/2021 8:00
410,5/15/2021 8:10,1.7,45,46,5/15/2021 8:10
411,5/15/2021 8:20,1.7,47,47,5/15/2021 8:20
412,5/15/2021 8:30,1.7,46,46,5/15/2021 8:30
413,5/15/2021 8:40,1.8,48,46,5/15/2021 8:40
414,5/15/2021 8:50,1.8,46,47,5/15/2021 8:50
415,5/15/2021 9:00,1.8,47,47,5/15/2021 9:00
416,5/15/2021 9:10,1.8,43,45,5/15/2021 9:10
417,5/15/2021 9:20,1.8,45,46,5/15/2021 9:20
418,5/15/2021 9:30,1.9,47,46,5/15/2021 9:30
419,5/15/2021 9:40,1.9,45,46,5/15/2021 9:40
420,5/15/2021 9:50,1.9,46,46,5/15/2021 9:50
421,5/15/2021 10:00,1.9,44,46,5/15/2021 10:00
422,5/15/2021 10:10,2,46,46,5/15/2021 10:10
423,5/15/2021 10:20,2,46,46,5/15/2021 10:20
424,5/15/2021 10:30,2,46,46,5/15/2021 10:30
425,5/15/2021 10:40,2.1,47,46,5/15/2021 10:40
426,5/15/2021 10:50,2.2,47,46,5/15/2021 10:50
427,5/15/2021 11:00,2.2,45,46,5/15/2021 11:00
428,5/15/2021 11:10,2.2,47,47,5/15/2021 11:10
429,5/15/2021 11:20,2.2,47,47,5/15/2021 11:20
430,5/15/2021 11:30,2.2,47,47,5/15/2021 11:30
431,5/15/2021 11:40,2.2,47,47,5/15/2021 11:40
432,5/15/2021 11:50,2.2,47,47,5/15/2021 11:50
433,5/15/2021 12:00,2.2,47,47,5/15/2021 12:00
434,5/15/2021 12:10,2.2,48,48,5/15/2021 12:10
435,5/15/2021 12:20,2.2,49,48,5/15/2021 12:20
436,5/15/2021 12:30,2.3,49,49,5/15/2021 12:30
437,5/15/2021 12:40,2.3,50,49,5/15/2021 12:40
438,5/15/2021 12:50,2.3,51,50,5/15/2021 12:50
439,5/15/2021 13:00,2.2,49,51,5/15/2021 13:00
440,5/15/2021 13:10,2.2,52,52,5/15/2021 13:10
441,5/15/2021 13:20,2.3,53,52,5/15/2021 13:20
442,5/15/2021 13:30,2.3,54,53,5/15/2021 13:30
443,5/15/2021 13:40,2.3,54,53,5/15/2021 13:40
444,5/15/2021 13:50,2.3,54,54,5/15/2021 13:50
445,5/15/2021 14:00,2.1,56,55,5/15/2021 14:00
446,5/15/2021 14:10,2.1,55,56,5/15/2021 14:10
447,5/15/2021 14:20,2.2,56,56,5/15/2021 14:20
448,5/15/2021 14:30,2.2,57,57,5/15/2021 14:30
449,5/15/2021 14:40,2.1,58,58,5/15/2021 14:40
450,5/15/2021 14:50,2.2,59,58,5/15/2021 14:50
451,5/15/2021 15:00,2.1,60,59,5/15/2021 15:00
452,5/15/2021 15:10,2.1,64,63,5/15/2021 15:10
453,5/15/2021 15:20,2.1,64,63,5/15/2021 15:20
454,5/15/2021 15:30,2.1,66,64,5/15/2021 15:30
455,5/15/2021 15:40,2,65,64,5/15/2021 15:40
456,5/15/2021 15:50,2,66,65,5/15/2021 15:50
457,5/15/2021 16:00,2,65,65,5/15/2021 16:00
458,5/15/2021 16:10,2,64,65,5/15/2021 16:10
459,5/15/2021 16:20,2,68,66,5/15/2021 16:20
460,5/15/2021 16:30,2,66,66,5/15/2021 16:30
461,5/15/2021 16:40,1.9,65,67,5/15/2021 16:40
462,5/15/2021 16:50,1.9,68,68,5/15/2021 16:50
463,5/15/2021 17:00,1.9,64,66,5/15/2021 17:00
464,5/15/2021 17:10,1.9,68,66,5/15/2021 17:10
465,5/15/2021 17:20,1.9,67,66,5/15/2021 17:20
466,5/15/2021 17:30,1.9,65,66,5/15/2021 17:30
467,5/15/2021 17:40,1.9,65,66,5/15/2021 17:40
468,5/15/2021 17:50,1.9,66,66,5/15/2021 17:50
469,5/15/2021 18:00,1.9,67,67,5/15/2021 18:00
470,5/15/2021 18:10,1.9,67,67,5/15/2021 18:10
471,5/15/2021 18:20,1.9,66,67,5/15/2021 18:20
472,5/15/2021 18:30,1.9,67,67,5/15/2021 18:30
473,5/15/2021 18:40,1.9,66,66,5/15/2021 18:40
474,5/15/2021 18:50,1.9,65,66,5/15/2021 18:50
475,5/15/2021 19:00,1.9,67,66,5/15/2021 19:00
476,5/15/2021 19:10,1.9,66,66,5/15/2021 19:10
477,5/15/2021 19:20,1.9,65,66,5/15/2021 19:20
478,5/15/2021 19:30,1.9,66,66,5/15/2021 19:30
479,5/15/2021 19:40,1.9,67,66,5/15/2021 19:40
480,5/15/2021 19:50,1.9,67,66,5/15/2021 19:50
481,5/15/2021 20:00,1.9,65,67,5/15/2021 20:00
482,5/15/2021 20:10,1.9,66,66,5/15/2021 20:10
483,5/15/2021 20:20,1.9,65,66,5/15/2021 20:20
484,5/15/2021 20:30,1.9,68,67,5/15/2021 20:30
485,5/15/2021 20:40,1.9,69,67,5/15/2021 20:40
486,5/15/2021 20:50,1.8,66,66,5/15/2021 20:50
487,5/15/2021 21:00,1.8,66,66,5/15/2021 21:00
488,5/15/2021 21:10,1.8,67,66,5/15/2021 21:10
489,5/15/2021 21:20,1.8,67,66,5/15/2021 21:20
490,5/15/2021 21:30,1.8,67,67,5/15/2021 21:30
491,5/15/2021 21:40,1.8,69,66,5/15/2021 21:40
492,5/15/2021 21:50,1.8,67,66,5/15/2021 21:50
493,5/15/2021 22:00,1.8,65,66,5/15/2021 22:00
494,5/15/2021 22:10,1.8,66,66,5/15/2021 22:10
495,5/15/2021 22:20,1.8,66,66,5/15/2021 22:20
496,5/15/2021 22:30,1.8,66,67,5/15/2021 22:30
497,5/15/2021 22:40,1.8,66,66,5/15/2021 22:40
498,5/15/2021 22:50,1.8,67,66,5/15/2021 22:50
499,5/15/2021 23:00,1.8,65,65,5/15/2021 23:00
500,5/15/2021 23:10,1.8,66,66,5/15/2021 23:10
501,5/15/2021 23:20,1.8,67,66,5/15/2021 23:20
502,5/15/2021 23:30,1.8,66,66,5/15/2021 23:30
503,5/15/2021 23:40,1.8,66,66,5/15/2021 23:40
504,5/15/2021 23:50,1.8,66,66,5/15/2021 23:50
505,5/16/2021 0:00,1.8,63,66,5/16/2021 0:00
506,5/16/2021 0:10,1.8,65,66,5/16/2021 0:10
507,5/16/2021 0:20,1.8,66,66,5/16/2021 0:20
508,5/16/2021 0:30,1.8,65,66,5/16/2021 0:30
509,5/16/2021 0:40,1.8,66,66,5/16/2021 0:40
510,5/16/2021 0:50,1.8,67,67,5/16/2021 0:50
511,5/16/2021 1:00,1.8,66,67,5/16/2021 1:00
512,5/16/2021 1:10,1.8,65,66,5/16/2021 1:10
513,5/16/2021 1:20,1.8,67,66,5/16/2021 1:20
514,5/16/2021 1:30,1.7,69,66,5/16/2021 1:30
515,5/16/2021 1:40,1.7,68,67,5/16/2021 1:40
516,5/16/2021 1:50,1.7,66,67,5/16/2021 1:50
517,5/16/2021 2:00,1.7,67,67,5/16/2021 2:00
518,5/16/2021 2:10,1.7,68,66,5/16/2021 2:10
519,5/16/2021 2:20,1.7,67,66,5/16/2021 2:20
520,5/16/2021 2:30,1.7,68,67,5/16/2021 2:30
521,5/16/2021 2:40,1.7,68,68,5/16/2021 2:40
522,5/16/2021 2:50,1.7,69,67,5/16/2021 2:50
523,5/16/2021 3:00,1.7,66,67,5/16/2021 3:00
524,5/16/2021 3:10,1.7,67,67,5/16/2021 3:10
525,5/16/2021 3:20,1.7,68,67,5/16/2021 3:20
526,5/16/2021 3:30,1.7,66,67,5/16/2021 3:30
527,5/16/2021 3:40,1.7,68,67,5/16/2021 3:40
528,5/16/2021 3:50,1.7,69,68,5/16/2021 3:50
529,5/16/2021 4:00,1.7,70,67,5/16/2021 4:00
530,5/16/2021 4:10,1.7,68,68,5/16/2021 4:10
531,5/16/2021 4:20,1.7,67,68,5/16/2021 4:20
532,5/16/2021 4:30,1.7,69,68,5/16/2021 4:30
533,5/16/2021 4:40,1.7,69,68,5/16/2021 4:40
534,5/16/2021 4:50,1.7,67,68,5/16/2021 4:50
535,5/16/2021 5:00,1.7,69,69,5/16/2021 5:00
536,5/16/2021 5:10,1.7,70,69,5/16/2021 5:10
537,5/16/2021 5:20,1.7,69,69,5/16/2021 5:20
538,5/16/2021 5:30,1.7,67,68,5/16/2021 5:30
539,5/16/2021 5:40,1.7,68,68,5/16/2021 5:40
540,5/16/2021 5:50,1.7,68,69,5/16/2021 5:50
541,5/16/2021 6:00,1.7,71,69,5/16/2021 6:00
542,5/16/2021 6:10,1.7,69,70,5/16/2021 6:10
543,5/16/2021 6:20,1.7,65,69,5/16/2021 6:20
544,5/16/2021 6:30,1.7,70,70,5/16/2021 6:30
545,5/16/2021 6:40,1.7,70,69,5/16/2021 6:40
546,5/16/2021 6:50,1.7,71,70,5/16/2021 6:50
547,5/16/2021 7:00,1.7,70,70,5/16/2021 7:00
548,5/16/2021 7:10,1.7,70,69,5/16/2021 7:10
549,5/16/2021 7:20,1.7,71,70,5/16/2021 7:20
550,5/16/2021 7:30,1.7,70,71,5/16/2021 7:30
551,5/16/2021 7:40,1.7,71,70,5/16/2021 7:40
552,5/16/2021 7:50,1.8,70,70,5/16/2021 7:50
553,5/16/2021 8:00,1.8,71,71,5/16/2021 8:00
554,5/16/2021 8:10,1.8,70,70,5/16/2021 8:10
555,5/16/2021 8:20,1.8,71,71,5/16/2021 8:20
556,5/16/2021 8:30,1.8,70,70,5/16/2021 8:30
557,5/16/2021 8:40,1.8,70,71,5/16/2021 8:40
558,5/16/2021 8:50,1.9,72,71,5/16/2021 8:50
559,5/16/2021 9:00,1.9,71,72,5/16/2021 9:00
560,5/16/2021 9:10,1.9,72,71,5/16/2021 9:10
561,5/16/2021 9:20,1.9,72,71,5/16/2021 9:20
562,5/16/2021 9:30,1.9,72,72,5/16/2021 9:30
563,5/16/2021 9:40,1.9,73,71,5/16/2021 9:40
564,5/16/2021 9:50,2,73,72,5/16/2021 9:50
565,5/16/2021 10:00,2,73,71,5/16/2021 10:00
566,5/16/2021 10:10,2.1,73,72,5/16/2021 10:10
567,5/16/2021 10:20,2.1,72,72,5/16/2021 10:20
568,5/16/2021 10:30,2.1,72,71,5/16/2021 10:30
569,5/16/2021 10:40,2.1,71,72,5/16/2021 10:40
570,5/16/2021 10:50,2.2,71,72,5/16/2021 10:50
571,5/16/2021 11:00,2.2,74,72,5/16/2021 11:00
572,5/16/2021 11:10,2.2,75,73,5/16/2021 11:10
573,5/16/2021 11:20,2.2,75,73,5/16/2021 11:20
574,5/16/2021 11:30,2.1,73,74,5/16/2021 11:30
575,5/16/2021 11:40,2.1,75,73,5/16/2021 11:40
576,5/16/2021 11:50,2.1,74,74,5/16/2021 11:50
577,5/16/2021 12:00,2.1,75,74,5/16/2021 12:00
578,5/16/2021 12:10,2.1,75,75,5/16/2021 12:10
579,5/16/2021 12:20,2.1,76,76,5/16/2021 12:20
580,5/16/2021 12:30,2.1,77,76,5/16/2021 12:30
581,5/16/2021 12:40,2.2,74,76,5/16/2021 12:40
582,5/16/2021 12:50,2.2,78,77,5/16/2021 12:50
583,5/16/2021 13:00,2.2,78,78,5/16/2021 13:00
584,5/16/2021 13:10,2.1,78,78,5/16/2021 13:10
585,5/16/2021 13:20,2.2,79,79,5/16/2021 13:20
586,5/16/2021 13:30,2.2,79,78,5/16/2021 13:30
587,5/16/2021 13:40,2.1,80,80,5/16/2021 13:40
588,5/16/2021 13:50,2,81,80,5/16/2021 13:50
589,5/16/2021 14:00,2.1,84,82,5/16/2021 14:00
590,5/16/2021 14:10,2.2,83,83,5/16/2021 14:10
591,5/16/2021 14:20,2.2,83,83,5/16/2021 14:20
592,5/16/2021 14:30,2.1,85,84,5/16/2021 14:30
593,5/16/2021 14:40,2,85,84,5/16/2021 14:40
594,5/16/2021 14:50,2.1,86,86,5/16/2021 14:50
595,5/16/2021 15:00,2.1,86,86,5/16/2021 15:00
596,5/16/2021 15:10,2.1,89,89,5/16/2021 15:10
597,5/16/2021 15:20,2.1,90,90,5/16/2021 15:20
598,5/16/2021 15:30,2.1,89,90,5/16/2021 15:30
599,5/16/2021 15:40,2.1,89,91,5/16/2021 15:40
600,5/16/2021 15:50,2,91,92,5/16/2021 15:50
601,5/16/2021 16:00,2,91,91,5/16/2021 16:00
602,5/16/2021 16:10,2,90,92,5/16/2021 16:10
603,5/16/2021 16:20,2,95,94,5/16/2021 16:20
604,5/16/2021 16:30,2,96,95,5/16/2021 16:30
605,5/16/2021 16:40,2,96,95,5/16/2021 16:40
606,5/16/2021 16:50,2,96,96,5/16/2021 16:50
607,5/16/2021 17:00,1.9,98,96,5/16/2021 17:00
608,5/16/2021 17:10,1.9,97,97,5/16/2021 17:10
609,5/16/2021 17:20,2,99,97,5/16/2021 17:20
610,5/16/2021 17:30,2,97,98,5/16/2021 17:30
611,5/16/2021 17:40,2,96,97,5/16/2021 17:40
612,5/16/2021 17:50,2,98,98,5/16/2021 17:50
613,5/16/2021 18:00,2,96,97,5/16/2021 18:00
614,5/16/2021 18:10,1.9,97,99,5/16/2021 18:10
615,5/16/2021 18:20,1.9,100,99,5/16/2021 18:20
616,5/16/2021 18:30,1.9,101,99,5/16/2021 18:30
617,5/16/2021 18:40,1.9,100,100,5/16/2021 18:40
618,5/16/2021 18:50,1.9,102,101,5/16/2021 18:50
619,5/16/2021 19:00,1.9,101,99,5/16/2021 19:00
620,5/16/2021 19:10,1.9,104,103,5/16/2021 19:10
621,5/16/2021 19:20,1.9,107,105,5/16/2021 19:20
622,5/16/2021 19:30,1.9,107,106,5/16/2021 19:30
623,5/16/2021 19:40,1.9,109,107,5/16/2021 19:40
624,5/16/2021 19:50,1.9,110,108,5/16/2021 19:50
625,5/16/2021 20:00,1.9,111,109,5/16/2021 20:00
626,5/16/2021 20:10,1.9,112,111,5/16/2021 20:10
627,5/16/2021 20:20,1.9,112,112,5/16/2021 20:20
628,5/16/2021 20:30,1.9,114,113,5/16/2021 20:30
629,5/16/2021 20:40,1.9,116,115,5/16/2021 20:40
630,5/16/2021 20:50,1.9,116,116,5/16/2021 20:50
631,5/16/2021 21:00,1.9,115,115,5/16/2021 21:00
632,5/16/2021 21:10,1.9,113,115,5/16/2021 21:10
633,5/16/2021 21:20,1.9,114,114,5/16/2021 21:20
634,5/16/2021 21:30,1.9,115,115,5/16/2021 21:30
635,5/16/2021 21:40,1.9,114,115,5/16/2021 21:40
636,5/16/2021 21:50,1.9,116,115,5/16/2021 21:50
637,5/16/2021 22:00,1.9,115,115,5/16/2021 22:00
638,5/16/2021 22:10,1.9,114,115,5/16/2021 22:10
639,5/16/2021 22:20,1.9,116,115,5/16/2021 22:20
640,5/16/2021 22:30,1.9,114,115,5/16/2021 22:30
641,5/16/2021 22:40,1.9,115,115,5/16/2021 22:40
642,5/16/2021 22:50,1.9,115,115,5/16/2021 22:50
643,5/16/2021 23:00,1.9,113,114,5/16/2021 23:00
644,5/16/2021 23:10,1.9,114,114,5/16/2021 23:10
645,5/16/2021 23:20,1.9,115,115,5/16/2021 23:20
646,5/16/2021 23:30,1.9,116,115,5/16/2021 23:30
647,5/16/2021 23:40,1.9,115,115,5/16/2021 23:40
648,5/16/2021 23:50,1.9,114,115,5/16/2021 23:50
649,5/17/2021 0:00,1.9,113,114,5/17/2021 0:00
650,5/17/2021 0:10,1.9,115,115,5/17/2021 0:10
651,5/17/2021 0:20,1.9,114,114,5/17/2021 0:20
652,5/17/2021 0:30,1.9,116,114,5/17/2021 0:30
653,5/17/2021 0:40,1.9,115,115,5/17/2021 0:40
654,5/17/2021 0:50,1.9,115,115,5/17/2021 0:50
655,5/17/2021 1:00,1.9,116,115,5/17/2021 1:00
656,5/17/2021 1:10,1.9,115,115,5/17/2021 1:10
657,5/17/2021 1:20,1.9,115,115,5/17/2021 1:20
658,5/17/2021 1:30,1.9,115,115,5/17/2021 1:30
659,5/17/2021 1:40,1.9,115,115,5/17/2021 1:40
660,5/17/2021 1:50,1.9,115,115,5/17/2021 1:50
661,5/17/2021 2:00,1.9,116,116,5/17/2021 2:00
662,5/17/2021 2:10,1.9,116,116,5/17/2021 2:10
663,5/17/2021 2:20,1.9,115,115,5/17/2021 2:20
664,5/17/2021 2:30,1.9,116,115,5/17/2021 2:30
665,5/17/2021 2:40,1.9,116,116,5/17/2021 2:40
666,5/17/2021 2:50,1.9,116,116,5/17/2021 2:50
667,5/17/2021 3:00,1.9,116,116,5/17/2021 3:00
668,5/17/2021 3:10,1.9,115,116,5/17/2021 3:10
669,5/17/2021 3:20,1.9,116,116,5/17/2021 3:20
670,5/17/2021 3:30,1.9,116,116,5/17/2021 3:30
671,5/17/2021 3:40,1.9,117,117,5/17/2021 3:40
672,5/17/2021 3:50,1.9,116,116,5/17/2021 3:50
673,5/17/2021 4:00,1.9,117,116,5/17/2021 4:00
674,5/17/2021 4:10,1.9,117,116,5/17/2021 4:10
675,5/17/2021 4:20,1.9,117,116,5/17/2021 4:20
676,5/17/2021 4:30,1.9,117,117,5/17/2021 4:30
677,5/17/2021 4:40,1.9,117,117,5/17/2021 4:40
678,5/17/2021 4:50,1.9,117,116,5/17/2021 4:50
679,5/17/2021 5:00,1.9,116,116,5/17/2021 5:00
680,5/17/2021 5:10,1.9,117,117,5/17/2021 5:10
681,5/17/2021 5:20,1.9,117,117,5/17/2021 5:20
682,5/17/2021 5:30,1.9,116,117,5/17/2021 5:30
683,5/17/2021 5:40,1.9,116,117,5/17/2021 5:40
684,5/17/2021 5:50,1.9,117,117,5/17/2021 5:50
685,5/17/2021 6:00,1.9,118,117,5/17/2021 6:00
686,5/17/2021 6:10,1.9,117,118,5/17/2021 6:10
687,5/17/2021 6:20,1.9,119,118,5/17/2021 6:20
688,5/17/2021 6:30,1.9,119,118,5/17/2021 6:30
689,5/17/2021 6:40,1.9,118,118,5/17/2021 6:40
690,5/17/2021 6:50,1.9,119,119,5/17/2021 6:50
691,5/17/2021 7:00,1.9,119,119,5/17/2021 7:00
692,5/17/2021 7:10,1.9,119,120,5/17/2021 7:10
693,5/17/2021 7:20,1.9,120,120,5/17/2021 7:20
694,5/17/2021 7:30,1.9,120,120,5/17/2021 7:30
695,5/17/2021 7:40,1.9,120,120,5/17/2021 7:40
696,5/17/2021 7:50,1.9,119,120,5/17/2021 7:50
697,5/17/2021 8:00,1.9,121,121,5/17/2021 8:00
698,5/17/2021 8:10,1.9,121,121,5/17/2021 8:10
699,5/17/2021 8:20,1.9,122,122,5/17/2021 8:20
700,5/17/2021 8:30,1.9,122,122,5/17/2021 8:30
701,5/17/2021 8:40,1.9,122,122,5/17/2021 8:40
702,5/17/2021 8:50,2,123,122,5/17/2021 8:50
703,5/17/2021 9:00,2,123,123,5/17/2021 9:00
704,5/17/2021 9:10,2,124,123,5/17/2021 9:10
705,5/17/2021 9:20,2,123,123,5/17/2021 9:20
706,5/17/2021 9:30,2,124,123,5/17/2021 9:30
707,5/17/2021 9:40,2,124,123,5/17/2021 9:40
708,5/17/2021 9:50,2,124,124,5/17/2021 9:50
709,5/17/2021 10:00,2,124,124,5/17/2021 10:00
710,5/17/2021 10:10,2,124,124,5/17/2021 10:10
711,5/17/2021 10:20,2,125,124,5/17/2021 10:20
712,5/17/2021 10:30,2,125,124,5/17/2021 10:30
713,5/17/2021 10:40,2.1,125,125,5/17/2021 10:40
714,5/17/2021 10:50,2.1,125,125,5/17/2021 10:50
715,5/17/2021 11:00,2.1,126,125,5/17/2021 11:00
716,5/17/2021 11:10,2.2,125,125,5/17/2021 11:10
717,5/17/2021 11:20,2.2,124,125,5/17/2021 11:20
718,5/17/2021 11:30,2.2,126,126,5/17/2021 11:30
719,5/17/2021 11:40,2.2,127,126,5/17/2021 11:40
720,5/17/2021 11:50,2.2,126,126,5/17/2021 11:50
721,5/17/2021 12:00,2.3,128,127,5/17/2021 12:00
722,5/17/2021 12:10,2.3,127,127,5/17/2021 12:10
723,5/17/2021 12:20,2.3,128,127,5/17/2021 12:20
724,5/17/2021 12:30,2.2,127,127,5/17/2021 12:30
725,5/17/2021 12:40,2.3,127,128,5/17/2021 12:40
726,5/17/2021 12:50,2.3,128,128,5/17/2021 12:50
727,5/17/2021 13:00,2.3,128,128,5/17/2021 13:00
728,5/17/2021 13:10,2.2,128,129,5/17/2021 13:10
729,5/17/2021 13:20,2.2,130,129,5/17/2021 13:20
730,5/17/2021 13:30,2.1,130,129,5/17/2021 13:30
731,5/17/2021 13:40,2.1,130,130,5/17/2021 13:40
732,5/17/2021 13:50,2.1,131,130,5/17/2021 13:50
733,5/17/2021 14:00,2.1,130,130,5/17/2021 14:00
734,5/17/2021 14:10,2.1,131,130,5/17/2021 14:10
735,5/17/2021 14:20,2.1,131,131,5/17/2021 14:20
736,5/17/2021 14:30,2.1,130,131,5/17/2021 14:30
737,5/17/2021 14:40,2.1,131,131,5/17/2021 14:40
738,5/17/2021 14:50,2.1,131,131,5/17/2021 14:50
739,5/17/2021 15:00,2,132,131,5/17/2021 15:00
740,5/17/2021 15:10,2,131,131,5/17/2021 15:10
741,5/17/2021 15:20,2,131,131,5/17/2021 15:20
742,5/17/2021 15:30,2,134,131,5/17/2021 15:30
743,5/17/2021 15:40,1.4,133,132,5/17/2021 15:40
744,5/17/2021 15:50,1.7,132,132,5/17/2021 15:50
745,5/17/2021 16:00,2,133,133,5/17/2021 16:00
746,5/17/2021 16:10,2,133,133,5/17/2021 16:10
747,5/17/2021 16:20,2,133,133,5/17/2021 16:20
748,5/17/2021 16:30,2.1,132,133,5/17/2021 16:30
749,5/17/2021 16:40,2.1,131,133,5/17/2021 16:40
750,5/17/2021 16:50,2.1,133,132,5/17/2021 16:50
751,5/17/2021 17:00,2.1,133,132,5/17/2021 17:00
752,5/17/2021 17:10,2.1,133,132,5/17/2021 17:10
753,5/17/2021 17:20,2.1,132,133,5/17/2021 17:20
754,5/17/2021 17:30,2.1,131,132,5/17/2021 17:30
755,5/17/2021 17:40,2.1,131,132,5/17/2021 17:40
756,5/17/2021 17:50,2.1,133,133,5/17/2021 17:50
757,5/17/2021 18:00,2.1,134,133,5/17/2021 18:00
758,5/17/2021 18:10,2.1,134,133,5/17/2021 18:10
759,5/17/2021 18:20,2.1,134,134,5/17/2021 18:20
760,5/17/2021 18:30,2.1,134,134,5/17/2021 18:30
761,5/17/2021 18:40,2.1,135,133,5/17/2021 18:40
762,5/17/2021 18:50,2,134,134,5/17/2021 18:50
763,5/17/2021 19:00,2,133,134,5/17/2021 19:00
764,5/17/2021 19:10,2,131,133,5/17/2021 19:10
765,5/17/2021 19:20,2,132,133,5/17/2021 19:20
766,5/17/2021 19:30,2,135,134,5/17/2021 19:30
767,5/17/2021 19:40,2,133,134,5/17/2021 19:40
768,5/17/2021 19:50,2,134,134,5/17/2021 19:50
769,5/17/2021 20:00,2,134,134,5/17/2021 20:00
770,5/17/2021 20:10,2,135,134,5/17/2021 20:10
771,5/17/2021 20:20,2,135,134,5/17/2021 20:20
772,5/17/2021 20:30,2,133,134,5/17/2021 20:30
773,5/17/2021 20:40,2,134,134,5/17/2021 20:40
774,5/17/2021 20:50,2,135,134,5/17/2021 20:50
775,5/17/2021 21:00,2,134,134,5/17/2021 21:00
776,5/17/2021 21:10,2,135,134,5/17/2021 21:10
777,5/17/2021 21:20,2,134,134,5/17/2021 21:20
778,5/17/2021 21:30,2,134,134,5/17/2021 21:30
779,5/17/2021 21:40,2,135,134,5/17/2021 21:40
780,5/17/2021 21:50,2,134,135,5/17/2021 21:50
781,5/17/2021 22:00,2,135,134,5/17/2021 22:00
782,5/17/2021 22:10,2,134,134,5/17/2021 22:10
783,5/17/2021 22:20,2,134,135,5/17/2021 22:20
784,5/17/2021 22:30,2,134,134,5/17/2021 22:30
785,5/17/2021 22:40,2,135,134,5/17/2021 22:40
786,5/17/2021 22:50,2,134,134,5/17/2021 22:50
787,5/17/2021 23:00,2,135,134,5/17/2021 23:00
788,5/17/2021 23:10,2,132,134,5/17/2021 23:10
789,5/17/2021 23:20,2,134,134,5/17/2021 23:20
790,5/17/2021 23:30,2,134,134,5/17/2021 23:30
791,5/17/2021 23:40,2,134,134,5/17/2021 23:40
792,5/17/2021 23:50,2,134,134,5/17/2021 23:50
793,5/18/2021 0:00,2,133,134,5/18/2021 0:00
794,5/18/2021 0:10,2,133,134,5/18/2021 0:10
795,5/18/2021 0:20,2,134,134,5/18/2021 0:20
796,5/18/2021 0:30,2,135,134,5/18/2021 0:30
797,5/18/2021 0:40,2,134,134,5/18/2021 0:40
798,5/18/2021 0:50,2,134,134,5/18/2021 0:50
799,5/18/2021 1:00,2,133,133,5/18/2021 1:00
800,5/18/2021 1:10,2,134,133,5/18/2021 1:10
801,5/18/2021 1:20,2,133,134,5/18/2021 1:20
802,5/18/2021 1:30,2,133,133,5/18/2021 1:30
803,5/18/2021 1:40,2,133,133,5/18/2021 1:40
804,5/18/2021 1:50,2,134,134,5/18/2021 1:50
805,5/18/2021 2:00,2,133,133,5/18/2021 2:00
806,5/18/2021 2:10,2,133,134,5/18/2021 2:10
807,5/18/2021 2:20,2,134,134,5/18/2021 2:20
808,5/18/2021 2:30,2,134,134,5/18/2021 2:30
809,5/18/2021 2:40,2,134,134,5/18/2021 2:40
810,5/18/2021 2:50,2,133,133,5/18/2021 2:50
811,5/18/2021 3:00,2,134,134,5/18/2021 3:00
812,5/18/2021 3:10,2,134,134,5/18/2021 3:10
813,5/18/2021 3:20,2,133,134,5/18/2021 3:20
814,5/18/2021 3:30,2,133,133,5/18/2021 3:30
815,5/18/2021 3:40,2,131,133,5/18/2021 3:40
816,5/18/2021 3:50,2,133,133,5/18/2021 3:50
817,5/18/2021 4:00,2,133,133,5/18/2021 4:00
818,5/18/2021 4:10,2,131,133,5/18/2021 4:10
819,5/18/2021 4:20,2,133,133,5/18/2021 4:20
820,5/18/2021 4:30,2,133,133,5/18/2021 4:30
821,5/18/2021 4:40,2,135,133,5/18/2021 4:40
822,5/18/2021 4:50,2,134,133,5/18/2021 4:50
823,5/18/2021 5:00,2,134,133,5/18/2021 5:00
824,5/18/2021 5:10,2,134,133,5/18/2021 5:10
825,5/18/2021 5:20,2,132,133,5/18/2021 5:20
826,5/18/2021 5:30,2,133,134,5/18/2021 5:30
827,5/18/2021 5:40,2,134,133,5/18/2021 5:40
828,5/18/2021 5:50,2,132,133,5/18/2021 5:50
829,5/18/2021 6:00,2,134,133,5/18/2021 6:00
830,5/18/2021 6:10,2,134,133,5/18/2021 6:10
831,5/18/2021 6:20,2,133,133,5/18/2021 6:20
832,5/18/2021 6:30,2,134,133,5/18/2021 6:30
833,5/18/2021 6:40,2,134,134,5/18/2021 6:40
834,5/18/2021 6:50,2,132,133,5/18/2021 6:50
835,5/18/2021 7:00,2,133,132,5/18/2021 7:00
836,5/18/2021 7:10,2,133,133,5/18/2021 7:10
837,5/18/2021 7:20,2,135,133,5/18/2021 7:20
838,5/18/2021 7:30,2,132,133,5/18/2021 7:30
839,5/18/2021 7:40,2,133,132,5/18/2021 7:40
840,5/18/2021 7:50,2.1,133,133,5/18/2021 7:50
841,5/18/2021 8:00,2.1,133,133,5/18/2021 8:00
842,5/18/2021 8:10,1.8,132,133,5/18/2021 8:10
843,5/18/2021 8:20,2.1,132,133,5/18/2021 8:20
844,5/18/2021 8:30,2.1,134,133,5/18/2021 8:30
845,5/18/2021 8:40,2.1,134,133,5/18/2021 8:40
846,5/18/2021 8:50,2.1,132,132,5/18/2021 8:50
847,5/18/2021 9:00,2.2,131,132,5/18/2021 9:00
848,5/18/2021 9:10,2.2,133,132,5/18/2021 9:10
849,5/18/2021 9:20,2.2,132,131,5/18/2021 9:20
850,5/18/2021 9:30,2.2,132,132,5/18/2021 9:30
851,5/18/2021 9:40,2.2,133,131,5/18/2021 9:40
852,5/18/2021 9:50,2.3,133,132,5/18/2021 9:50
853,5/18/2021 10:00,2.3,130,132,5/18/2021 10:00
854,5/18/2021 10:10,2.3,131,132,5/18/2021 10:10
855,5/18/2021 10:20,2.4,132,131,5/18/2021 10:20
856,5/18/2021 10:30,2.5,131,131,5/18/2021 10:30
857,5/18/2021 10:40,2.5,132,131,5/18/2021 10:40
858,5/18/2021 10:50,2.5,132,132,5/18/2021 10:50
859,5/18/2021 11:00,2.5,133,132,5/18/2021 11:00
860,5/18/2021 11:10,2.5,131,132,5/18/2021 11:10
861,5/18/2021 11:20,2.5,132,132,5/18/2021 11:20
862,5/18/2021 11:30,2.6,130,132,5/18/2021 11:30
863,5/18/2021 11:40,2.6,132,133,5/18/2021 11:40
864,5/18/2021 11:50,2.5,132,133,5/18/2021 11:50
865,5/18/2021 12:00,2.6,133,133,5/18/2021 12:00
866,5/18/2021 12:10,2.6,133,133,5/18/2021 12:10
867,5/18/2021 12:20,2.6,136,134,5/18/2021 12:20
868,5/18/2021 12:30,2.5,135,135,5/18/2021 12:30
869,5/18/2021 12:40,2.5,136,135,5/18/2021 12:40
870,5/18/2021 12:50,2.5,136,136,5/18/2021 12:50
871,5/18/2021 13:00,2.5,135,136,5/18/2021 13:00
872,5/18/2021 13:10,2.5,137,137,5/18/2021 13:10
873,5/18/2021 13:20,2.5,137,137,5/18/2021 13:20
874,5/18/2021 13:30,2.5,138,138,5/18/2021 13:30
875,5/18/2021 13:40,2.5,138,139,5/18/2021 13:40
876,5/18/2021 13:50,2.5,139,139,5/18/2021 13:50
877,5/18/2021 14:00,2.5,140,139,5/18/2021 14:00
878,5/18/2021 14:10,2.5,140,140,5/18/2021 14:10
879,5/18/2021 14:20,2.4,140,140,5/18/2021 14:20
880,5/18/2021 14:30,2.4,140,140,5/18/2021 14:30
881,5/18/2021 14:40,2.4,142,141,5/18/2021 14:40
882,5/18/2021 14:50,2.4,141,142,5/18/2021 14:50
883,5/18/2021 15:00,2.4,141,142,5/18/2021 15:00
884,5/18/2021 15:10,2.4,142,142,5/18/2021 15:10
885,5/18/2021 15:20,2.3,141,142,5/18/2021 15:20
886,5/18/2021 15:30,2.3,143,142,5/18/2021 15:30
887,5/18/2021 15:40,2.3,142,142,5/18/2021 15:40
888,5/18/2021 15:50,2.3,143,143,5/18/2021 15:50
889,5/18/2021 16:00,2.3,144,143,5/18/2021 16:00
890,5/18/2021 16:10,2.3,143,143,5/18/2021 16:10
891,5/18/2021 16:20,2.3,144,143,5/18/2021 16:20
892,5/18/2021 16:30,2.3,143,143,5/18/2021 16:30
893,5/18/2021 16:40,2.3,143,143,5/18/2021 16:40
894,5/18/2021 16:50,2.3,143,143,5/18/2021 16:50
895,5/18/2021 17:00,2.3,143,143,5/18/2021 17:00
896,5/18/2021 17:10,2.2,143,143,5/18/2021 17:10
897,5/18/2021 17:20,2.2,143,142,5/18/2021 17:20
898,5/18/2021 17:30,2.3,143,143,5/18/2021 17:30
899,5/18/2021 17:40,2.3,144,143,5/18/2021 17:40
900,5/18/2021 17:50,2.3,144,143,5/18/2021 17:50
901,5/18/2021 18:00,2.3,143,143,5/18/2021 18:00
902,5/18/2021 18:10,2.2,144,143,5/18/2021 18:10
903,5/18/2021 18:20,2.2,144,144,5/18/2021 18:20
904,5/18/2021 18:30,2.2,143,144,5/18/2021 18:30
905,5/18/2021 18:40,2.2,145,144,5/18/2021 18:40
906,5/18/2021 18:50,2.2,142,144,5/18/2021 18:50
907,5/18/2021 19:00,2.2,144,145,5/18/2021 19:00
908,5/18/2021 19:10,2.2,144,144,5/18/2021 19:10
909,5/18/2021 19:20,2.2,144,143,5/18/2021 19:20
910,5/18/2021 19:30,2.2,144,144,5/18/2021 19:30
911,5/18/2021 19:40,2.2,144,144,5/18/2021 19:40
912,5/18/2021 19:50,2.2,143,143,5/18/2021 19:50
913,5/18/2021 20:00,2.2,142,143,5/18/2021 20:00
914,5/18/2021 20:10,2.2,142,143,5/18/2021 20:10
915,5/18/2021 20:20,2.2,142,143,5/18/2021 20:20
916,5/18/2021 20:30,2.1,142,143,5/18/2021 20:30
917,5/18/2021 20:40,2.1,142,142,5/18/2021 20:40
918,5/18/2021 20:50,2.1,142,142,5/18/2021 20:50
919,5/18/2021 21:00,2.1,142,142,5/18/2021 21:00
920,5/18/2021 21:10,2.1,143,142,5/18/2021 21:10
921,5/18/2021 21:20,2.1,142,142,5/18/2021 21:20
922,5/18/2021 21:30,2.1,140,141,5/18/2021 21:30
923,5/18/2021 21:40,2.1,142,141,5/18/2021 21:40
924,5/18/2021 21:50,2.1,141,142,5/18/2021 21:50
925,5/18/2021 22:00,2.1,142,142,5/18/2021 22:00
926,5/18/2021 22:10,2.1,142,141,5/18/2021 22:10
927,5/18/2021 22:20,2.1,140,140,5/18/2021 22:20
928,5/18/2021 22:30,2.1,140,141,5/18/2021 22:30
929,5/18/2021 22:40,2.1,140,141,5/18/2021 22:40
930,5/18/2021 22:50,2.1,141,140,5/18/2021 22:50
931,5/18/2021 23:00,2.1,140,140,5/18/2021 23:00
932,5/18/2021 23:10,2.1,140,140,5/18/2021 23:10
933,5/18/2021 23:20,2.1,138,139,5/18/2021 23:20
934,5/18/2021 23:30,2.1,139,139,5/18/2021 23:30
935,5/18/2021 23:40,2.1,140,139,5/18/2021 23:40
936,5/18/2021 23:50,2.1,139,139,5/18/2021 23:50
937,5/19/2021 0:00,2.1,137,138,5/19/2021 0:00
938,5/19/2021 0:10,2.1,139,138,5/19/2021 0:10
939,5/19/2021 0:20,2.1,138,139,5/19/2021 0:20
940,5/19/2021 0:30,2.1,139,139,5/19/2021 0:30
941,5/19/2021 0:40,2.1,138,138,5/19/2021 0:40
942,5/19/2021 0:50,2.1,139,138,5/19/2021 0:50
943,5/19/2021 1:00,2,138,138,5/19/2021 1:00
944,5/19/2021 1:10,2,137,138,5/19/2021 1:10
945,5/19/2021 1:20,2,137,138,5/19/2021 1:20
946,5/19/2021 1:30,2,137,138,5/19/2021 1:30
947,5/19/2021 1:40,2,138,138,5/19/2021 1:40
948,5/19/2021 1:50,2,137,138,5/19/2021 1:50
949,5/19/2021 2:00,2,139,138,5/19/2021 2:00
950,5/19/2021 2:10,2,138,138,5/19/2021 2:10
951,5/19/2021 2:20,2,138,138,5/19/2021 2:20
952,5/19/2021 2:30,2,139,138,5/19/2021 2:30
953,5/19/2021 2:40,2,137,138,5/19/2021 2:40
954,5/19/2021 2:50,2,138,138,5/19/2021 2:50
955,5/19/2021 3:00,2,139,138,5/19/2021 3:00
956,5/19/2021 3:10,2,138,138,5/19/2021 3:10
957,5/19/2021 3:20,2,137,138,5/19/2021 3:20
958,5/19/2021 3:30,2,137,137,5/19/2021 3:30
959,5/19/2021 3:40,2,137,138,5/19/2021 3:40
960,5/19/2021 3:50,2,139,138,5/19/2021 3:50
961,5/19/2021 4:00,2,139,138,5/19/2021 4:00
962,5/19/2021 4:10,2,137,138,5/19/2021 4:10
963,5/19/2021 4:20,2,137,138,5/19/2021 4:20
964,5/19/2021 4:30,2,137,138,5/19/2021 4:30
965,5/19/2021 4:40,2,137,138,5/19/2021 4:40
966,5/19/2021 4:50,2,137,138,5/19/2021 4:50
967,5/19/2021 5:00,2,138,138,5/19/2021 5:00
968,5/19/2021 5:10,2,138,138,5/19/2021 5:10
969,5/19/2021 5:20,2,139,138,5/19/2021 5:20
970,5/19/2021 5:30,2,139,138,5/19/2021 5:30
971,5/19/2021 5:40,2,139,139,5/19/2021 5:40
972,5/19/2021 5:50,2,138,138,5/19/2021 5:50
973,5/19/2021 6:00,2,139,139,5/19/2021 6:00
974,5/19/2021 6:10,2,138,139,5/19/2021 6:10
975,5/19/2021 6:20,2,138,139,5/19/2021 6:20
976,5/19/2021 6:30,2.1,138,139,5/19/2021 6:30
977,5/19/2021 6:40,2.1,139,138,5/19/2021 6:40
978,5/19/2021 6:50,2.1,138,138,5/19/2021 6:50
979,5/19/2021 7:00,2.1,137,138,5/19/2021 7:00
980,5/19/2021 7:10,2.1,138,138,5/19/2021 7:10
981,5/19/2021 7:20,2.1,138,138,5/19/2021 7:20
982,5/19/2021 7:30,2.1,140,138,5/19/2021 7:30
983,5/19/2021 7:40,2.1,138,138,5/19/2021 7:40
984,5/19/2021 7:50,2.1,137,138,5/19/2021 7:50
985,5/19/2021 8:00,2.1,137,138,5/19/2021 8:00
986,5/19/2021 8:10,2.1,138,138,5/19/2021 8:10
987,5/19/2021 8:20,2.1,138,138,5/19/2021 8:20
988,5/19/2021 8:30,2.1,139,139,5/19/2021 8:30
989,5/19/2021 8:40,2.2,138,138,5/19/2021 8:40
990,5/19/2021 8:50,2.2,140,138,5/19/2021 8:50
991,5/19/2021 9:00,2.2,139,138,5/19/2021 9:00
992,5/19/2021 9:10,2.2,138,139,5/19/2021 9:10
993,5/19/2021 9:20,2.2,139,138,5/19/2021 9:20
994,5/19/2021 9:30,2.3,138,138,5/19/2021 9:30
995,5/19/2021 9:40,2.3,137,138,5/19/2021 9:40
996,5/19/2021 9:50,2.3,140,138,5/19/2021 9:50
997,5/19/2021 10:00,2.3,139,138,5/19/2021 10:00
998,5/19/2021 10:10,2.4,139,138,5/19/2021 10:10
999,5/19/2021 10:20,2.5,139,138,5/19/2021 10:20
1000,5/19/2021 10:30,2.5,139,138,5/19/2021 10:30
1001,5/19/2021 10:40,2.5,138,138,5/19/2021 10:40
1002,5/19/2021 10:50,2.6,139,138,5/19/2021 10:50
1003,5/19/2021 11:00,2.6,137,138,5/19/2021 11:00
1004,5/19/2021 11:10,2.6,139,139,5/19/2021 11:10
1005,5/19/2021 11:20,2.6,139,139,5/19/2021 11:20
1006,5/19/2021 11:30,2.6,140,140,5/19/2021 11:30
1007,5/19/2021 11:40,2.6,140,139,5/19/2021 11:40
1008,5/19/2021 11:50,2.7,140,140,5/19/2021 11:50
1009,5/19/2021 12:00,2.7,141,140,5/19/2021 12:00
1010,5/19/2021 12:10,2.8,142,141,5/19/2021 12:10
1011,5/19/2021 12:20,2.7,143,142,5/19/2021 12:20
1012,5/19/2021 12:30,2.8,143,143,5/19/2021 12:30
1013,5/19/2021 12:40,2.7,145,144,5/19/2021 12:40
1014,5/19/2021 12:50,2.6,146,145,5/19/2021 12:50
1015,5/19/2021 13:00,2.6,146,146,5/19/2021 13:00
1016,5/19/2021 13:10,2.5,147,146,5/19/2021 13:10
1017,5/19/2021 13:20,2.5,147,147,5/19/2021 13:20
1018,5/19/2021 13:30,2.5,148,147,5/19/2021 13:30
1019,5/19/2021 13:40,2.4,147,147,5/19/2021 13:40
1020,5/19/2021 13:50,2.4,148,148,5/19/2021 13:50
1021,5/19/2021 14:00,2.4,148,149,5/19/2021 14:00
1022,5/19/2021 14:10,2.4,149,149,5/19/2021 14:10
1023,5/19/2021 14:20,2.4,150,149,5/19/2021 14:20
1024,5/19/2021 14:30,2.4,148,149,5/19/2021 14:30
1025,5/19/2021 14:40,2.4,148,148,5/19/2021 14:40
1026,5/19/2021 14:50,2.4,148,148,5/19/2021 14:50
1027,5/19/2021 15:00,2.3,147,148,5/19/2021 15:00
1028,5/19/2021 15:10,2.3,147,148,5/19/2021 15:10
1029,5/19/2021 15:20,2.4,147,148,5/19/2021 15:20
1030,5/19/2021 15:30,2.4,148,148,5/19/2021 15:30
1031,5/19/2021 15:40,2.4,149,148,5/19/2021 15:40
1032,5/19/2021 15:50,2.4,148,148,5/19/2021 15:50
1033,5/19/2021 16:00,2.4,149,149,5/19/2021 16:00
1034,5/19/2021 16:10,2.4,148,148,5/19/2021 16:10
1035,5/19/2021 16:20,2.3,149,149,5/19/2021 16:20
1036,5/19/2021 16:30,2.2,148,149,5/19/2021 16:30
1037,5/19/2021 16:40,2.3,150,149,5/19/2021 16:40
1038,5/19/2021 16:50,2.3,149,149,5/19/2021 16:50
1039,5/19/2021 17:00,2.3,150,149,5/19/2021 17:00
1040,5/19/2021 17:10,2.3,150,150,5/19/2021 17:10
1041,5/19/2021 17:20,2.3,149,150,5/19/2021 17:20
1042,5/19/2021 17:30,2.3,150,150,5/19/2021 17:30
1043,5/19/2021 17:40,2.3,150,150,5/19/2021 17:40
1044,5/19/2021 17:50,2.3,150,150,5/19/2021 17:50
1045,5/19/2021 18:00,2.3,150,150,5/19/2021 18:00
1046,5/19/2021 18:10,2.3,150,150,5/19/2021 18:10
1047,5/19/2021 18:20,2.3,151,150,5/19/2021 18:20
1048,5/19/2021 18:30,2.3,150,150,5/19/2021 18:30
1049,5/19/2021 18:40,2.3,150,150,5/19/2021 18:40
1050,5/19/2021 18:50,2.3,150,150,5/19/2021 18:50
1051,5/19/2021 19:00,2.3,150,150,5/19/2021 19:00
1052,5/19/2021 19:10,2.3,148,149,5/19/2021 19:10
1053,5/19/2021 19:20,2.3,149,149,5/19/2021 19:20
1054,5/19/2021 19:30,2.2,150,149,5/19/2021 19:30
1055,5/19/2021 19:40,2.2,149,149,5/19/2021 19:40
1056,5/19/2021 19:50,2.2,149,149,5/19/2021 19:50
1057,5/19/2021 20:00,2.2,148,149,5/19/2021 20:00
1058,5/19/2021 20:10,2.2,150,149,5/19/2021 20:10
1059,5/19/2021 20:20,2.2,149,149,5/19/2021 20:20
1060,5/19/2021 20:30,2.2,149,149,5/19/2021 20:30
1061,5/19/2021 20:40,2.2,150,149,5/19/2021 20:40
1062,5/19/2021 20:50,2.2,149,149,5/19/2021 20:50
1063,5/19/2021 21:00,2.2,149,149,5/19/2021 21:00
1064,5/19/2021 21:10,2.2,148,148,5/19/2021 21:10
1065,5/19/2021 21:20,2.2,147,148,5/19/2021 21:20
1066,5/19/2021 21:30,2.2,148,148,5/19/2021 21:30
1067,5/19/2021 21:40,2.2,148,148,5/19/2021 21:40
1068,5/19/2021 21:50,2.2,148,148,5/19/2021 21:50
1069,5/19/2021 22:00,2.2,149,148,5/19/2021 22:00
1070,5/19/2021 22:10,2.1,146,148,5/19/2021 22:10
1071,5/19/2021 22:20,2.1,147,148,5/19/2021 22:20
1072,5/19/2021 22:30,2.1,147,148,5/19/2021 22:30
1073,5/19/2021 22:40,2.1,147,147,5/19/2021 22:40
1074,5/19/2021 22:50,2.1,148,147,5/19/2021 22:50
1075,5/19/2021 23:00,2.1,147,148,5/19/2021 23:00
1076,5/19/2021 23:10,2.1,148,147,5/19/2021 23:10
1077,5/19/2021 23:20,2.1,147,147,5/19/2021 23:20
1078,5/19/2021 23:30,2.1,146,147,5/19/2021 23:30
1079,5/19/2021 23:40,2.1,146,147,5/19/2021 23:40
1080,5/19/2021 23:50,2.1,147,147,5/19/2021 23:50
1081,5/20/2021 0:00,2.1,146,147,5/20/2021 0:00
1082,5/20/2021 0:10,2.1,145,147,5/20/2021 0:10
1083,5/20/2021 0:20,2.1,147,147,5/20/2021 0:20
1084,5/20/2021 0:30,2.1,147,147,5/20/2021 0:30
1085,5/20/2021 0:40,2.1,148,147,5/20/2021 0:40
1086,5/20/2021 0:50,2.1,147,147,5/20/2021 0:50
1087,5/20/2021 1:00,2.1,147,147,5/20/2021 1:00
1088,5/20/2021 1:10,2.1,146,147,5/20/2021 1:10
1089,5/20/2021 1:20,2.1,147,146,5/20/2021 1:20
1090,5/20/2021 1:30,2.1,147,147,5/20/2021 1:30
1091,5/20/2021 1:40,2.1,146,146,5/20/2021 1:40
1092,5/20/2021 1:50,2.1,147,147,5/20/2021 1:50
1093,5/20/2021 2:00,2.1,144,147,5/20/2021 2:00
1094,5/20/2021 2:10,2.1,147,147,5/20/2021 2:10
1095,5/20/2021 2:20,2,148,147,5/20/2021 2:20
1096,5/20/2021 2:30,2,147,147,5/20/2021 2:30
1097,5/20/2021 2:40,2,147,147,5/20/2021 2:40
1098,5/20/2021 2:50,2.1,147,147,5/20/2021 2:50
1099,5/20/2021 3:00,2.1,147,146,5/20/2021 3:00
1100,5/20/2021 3:10,2.1,146,146,5/20/2021 3:10
1101,5/20/2021 3:20,2.1,146,146,5/20/2021 3:20
1102,5/20/2021 3:30,2.1,146,146,5/20/2021 3:30
1103,5/20/2021 3:40,2.1,146,145,5/20/2021 3:40
1104,5/20/2021 3:50,2.1,147,146,5/20/2021 3:50
1105,5/20/2021 4:00,2.1,145,146,5/20/2021 4:00
1106,5/20/2021 4:10,2.1,146,146,5/20/2021 4:10
1107,5/20/2021 4:20,2.1,146,146,5/20/2021 4:20
1108,5/20/2021 4:30,2.1,147,146,5/20/2021 4:30
1109,5/20/2021 4:40,2.1,146,146,5/20/2021 4:40
1110,5/20/2021 4:50,2.1,146,146,5/20/2021 4:50
1111,5/20/2021 5:00,2,147,146,5/20/2021 5:00
1112,5/20/2021 5:10,2,147,146,5/20/2021 5:10
1113,5/20/2021 5:20,2,146,146,5/20/2021 5:20
1114,5/20/2021 5:30,2,146,146,5/20/2021 5:30
1115,5/20/2021 5:40,2,146,146,5/20/2021 5:40
1116,5/20/2021 5:50,2,147,146,5/20/2021 5:50
1117,5/20/2021 6:00,2,146,146,5/20/2021 6:00
1118,5/20/2021 6:10,2,147,146,5/20/2021 6:10
1119,5/20/2021 6:20,2.1,145,146,5/20/2021 6:20
1120,5/20/2021 6:30,2.1,146,146,5/20/2021 6:30
1121,5/20/2021 6:40,2.1,144,145,5/20/2021 6:40
1122,5/20/2021 6:50,2.1,146,145,5/20/2021 6:50
1123,5/20/2021 7:00,2.1,146,146,5/20/2021 7:00
1124,5/20/2021 7:10,2.1,145,146,5/20/2021 7:10
1125,5/20/2021 7:20,2.1,143,145,5/20/2021 7:20
1126,5/20/2021 7:30,2.1,146,146,5/20/2021 7:30
1127,5/20/2021 7:40,2.1,146,145,5/20/2021 7:40
1128,5/20/2021 7:50,2.1,145,146,5/20/2021 7:50
1129,5/20/2021 8:00,2.1,145,146,5/20/2021 8:00
1130,5/20/2021 8:10,2.1,146,146,5/20/2021 8:10
1131,5/20/2021 8:20,2.1,145,146,5/20/2021 8:20
1132,5/20/2021 8:30,2.2,145,145,5/20/2021 8:30
1133,5/20/2021 8:40,2.2,147,146,5/20/2021 8:40
1134,5/20/2021 8:50,2.2,145,146,5/20/2021 8:50
1135,5/20/2021 9:00,2.2,145,146,5/20/2021 9:00
1136,5/20/2021 9:10,2.2,145,146,5/20/2021 9:10
1137,5/20/2021 9:20,2.3,146,145,5/20/2021 9:20
1138,5/20/2021 9:30,2.3,145,145,5/20/2021 9:30
1139,5/20/2021 9:40,2.3,146,145,5/20/2021 9:40
1140,5/20/2021 9:50,2.4,145,145,5/20/2021 9:50
1141,5/20/2021 10:00,2.4,146,146,5/20/2021 10:00
1142,5/20/2021 10:10,2.4,144,145,5/20/2021 10:10
1143,5/20/2021 10:20,2.4,146,145,5/20/2021 10:20
1144,5/20/2021 10:30,2.5,146,145,5/20/2021 10:30
1145,5/20/2021 10:40,2.5,144,145,5/20/2021 10:40
1146,5/20/2021 10:50,2.5,146,146,5/20/2021 10:50
1147,5/20/2021 11:00,2.6,146,146,5/20/2021 11:00
1148,5/20/2021 11:10,2.6,145,146,5/20/2021 11:10
1149,5/20/2021 11:20,2.6,147,146,5/20/2021 11:20
1150,5/20/2021 11:30,2.6,146,146,5/20/2021 11:30
1151,5/20/2021 11:40,2.7,145,146,5/20/2021 11:40
1152,5/20/2021 11:50,2.7,147,147,5/20/2021 11:50
1153,5/20/2021 12:00,2.8,147,147,5/20/2021 12:00
1154,5/20/2021 12:10,2.7,149,148,5/20/2021 12:10
1155,5/20/2021 12:20,2.8,149,149,5/20/2021 12:20
1156,5/20/2021 12:30,2.9,151,150,5/20/2021 12:30
1157,5/20/2021 12:40,2.8,151,150,5/20/2021 12:40
1158,5/20/2021 12:50,2.8,152,151,5/20/2021 12:50
1159,5/20/2021 13:00,2.9,152,152,5/20/2021 13:00
1160,5/20/2021 13:10,3,153,153,5/20/2021 13:10
1161,5/20/2021 13:20,3,154,154,5/20/2021 13:20
1162,5/20/2021 13:30,3,155,155,5/20/2021 13:30
1163,5/20/2021 13:40,3,156,156,5/20/2021 13:40
1164,5/20/2021 13:50,2.9,156,156,5/20/2021 13:50
1165,5/20/2021 14:00,2.8,157,156,5/20/2021 14:00
1166,5/20/2021 14:10,2.8,158,158,5/20/2021 14:10
1167,5/20/2021 14:20,2.8,160,159,5/20/2021 14:20
1168,5/20/2021 14:30,2.7,161,161,5/20/2021 14:30
1169,5/20/2021 14:40,2.7,161,161,5/20/2021 14:40
1170,5/20/2021 14:50,2.7,162,162,5/20/2021 14:50
1171,5/20/2021 15:00,2.7,163,162,5/20/2021 15:00
1172,5/20/2021 15:10,2.7,164,163,5/20/2021 15:10
1173,5/20/2021 15:20,2.6,163,164,5/20/2021 15:20
1174,5/20/2021 15:30,2.6,163,163,5/20/2021 15:30
1175,5/20/2021 15:40,2.6,163,164,5/20/2021 15:40
1176,5/20/2021 15:50,2.6,165,164,5/20/2021 15:50
1177,5/20/2021 16:00,2.5,165,165,5/20/2021 16:00
1178,5/20/2021 16:10,2.4,-52,78,5/20/2021 16:10
1179,5/20/2021 16:20,0.5,-53,-52,5/20/2021 16:20
